message_id,sender,content,timestamp,label
MSG0001,figueroajohn@doyle.net,Opportunity all behavior discussion own night respond red information last everything.,2025-04-13 03:05:46,spam
MSG0002,helenpeterson@lewis.com,Here grow gas enough.,2024-05-27 09:37:02,promotion
MSG0003,dudleynicholas@hotmail.com,Stop peace technology officer relate animal direction eye.,2024-06-10 12:20:42,not_spam
MSG0004,jamesshawn@martin-kelly.com,Participant commercial rock clear here.,2025-05-04 21:54:03,spam
MSG0005,megan03@trujillo.com,Decision wall then fire pretty how trip learn enter east.,2024-12-14 12:57:36,urgent
MSG0006,zhurst@yahoo.com,Young catch management sense technology check.,2024-07-11 15:46:13,urgent
MSG0007,cruzcaitlin@yahoo.com,Edge network wall quite boy those seem shoulder future fall citizen about reveal rest will.,2025-03-02 10:37:56,spam
MSG0008,harrellkenneth@romero.com,Well two truth out major born guy.,2025-03-29 12:18:52,spam
MSG0009,brianhumphrey@gmail.com,Rule staff within mouth call process.,2024-12-10 01:10:15,not_spam
MSG0010,allison96@hickman.com,Human public health tonight later easy ask again network open according remain arrive.,2024-06-05 16:50:47,urgent
MSG0011,chad34@washington.org,Line six space couple best issue interest.,2024-11-07 21:36:55,urgent
MSG0012,brownjessica@wright.net,Cell contain leg themselves away space task better present music.,2024-05-16 06:10:59,urgent
MSG0013,gabrieltucker@hancock.com,Able hospital unit size expect recent room situation product main couple design.,2024-06-02 05:44:01,not_spam
MSG0014,brian97@calhoun.net,Surface attention attack technology identify walk now often always.,2024-06-11 08:46:14,urgent
MSG0015,sarah35@gmail.com,How public feel first sell authority leader your you.,2024-06-07 23:28:09,spam
MSG0016,david51@wood.info,Region particularly would pressure account stage federal professional voice care break blood network evening painting response data plant enough major town suffer begin.,2024-10-22 00:38:32,not_spam
MSG0017,smithkellie@hotmail.com,Claim kind relationship night born war real chance along hard need involve among half value.,2025-04-09 18:57:34,social
MSG0018,jason31@deleon-henson.biz,See understand door class son computer include conference under site in prove same easy city.,2025-02-06 21:00:59,promotion
MSG0019,ebrennan@gonzalez.com,Star the development process huge everything attorney.,2025-03-06 20:33:24,not_spam
MSG0020,darlene68@yahoo.com,Boy wife condition while enter board its rock finish paper memory.,2024-10-07 02:54:41,promotion
MSG0021,bradley60@frost.com,Issue we TV perhaps professional by tonight.,2024-11-23 11:21:15,spam
MSG0022,snguyen@yahoo.com,Camera inside wait quality total past feeling nature a expert involve oil pressure let kind.,2024-08-01 12:28:17,spam
MSG0023,donnacampbell@hotmail.com,Friend stand seem pull different current agency each little sure authority increase picture create recent.,2024-11-18 12:33:33,promotion
MSG0024,dylanwatts@gmail.com,Despite sound receive let newspaper true building card let most next fish sense kind spring throughout interview.,2025-04-27 17:07:43,promotion
MSG0025,juliawells@yahoo.com,Style everyone sing machine dream key require doctor from throw ball character him check degree increase.,2024-09-16 00:40:05,spam
MSG0026,abrown@yahoo.com,Watch affect thing offer local wall fear hope through structure Mrs same son today major event magazine home protect something right subject.,2025-05-02 15:22:44,social
MSG0027,meadowsbrittany@johnson.info,Anyone here deep force seven here sell story edge bank affect.,2024-12-06 00:22:47,spam
MSG0028,jeffrey10@herring.com,Charge call prove nor design record short cold parent security boy standard who blue agent find quality when however resource away real physical big significant sure outside.,2024-06-26 12:56:41,social
MSG0029,amanda51@holland.info,Item gun through least check.,2024-07-17 22:20:43,urgent
MSG0030,umarshall@hotmail.com,Focus early various everything late seek now property from.,2024-11-18 11:54:01,urgent
MSG0031,tonykelly@yahoo.com,Evidence other they new might course drop image new drive live Republican large admit family identify during professional hard network.,2024-09-21 00:40:52,promotion
MSG0032,michael74@yahoo.com,Discover return firm sea week real course school everybody operation set others wonder.,2025-03-29 21:17:19,not_spam
MSG0033,jeremy24@erickson.com,Window network recently call than make their off light key continue.,2024-05-30 11:29:44,spam
MSG0034,ewilson@yahoo.com,Available picture approach chance none fight yes.,2024-06-25 12:40:42,not_spam
MSG0035,kimberlyjames@yahoo.com,Team wrong figure perform participant science way debate decision produce church community avoid able late order fact.,2024-08-08 10:08:41,promotion
MSG0036,jacqueline71@hotmail.com,Under skin person product value interesting.,2024-12-08 00:19:09,not_spam
MSG0037,rebekahserrano@brown.org,Tv keep light fight I evening music just our threat same page ago director purpose team onto again share start office several compare million kind.,2024-08-26 13:14:13,spam
MSG0038,fwalters@harrison.com,Prove tax form really explain war spend nearly lawyer fire follow wife.,2024-10-14 11:48:52,promotion
MSG0039,mgutierrez@cox.com,Environment capital explain thing machine ahead picture son report financial add.,2024-10-15 23:22:43,promotion
MSG0040,victoriadurham@valentine-holland.com,Usually factor relate indeed lot line lead certain course.,2024-12-29 07:14:02,promotion
MSG0041,hillkristy@morgan-french.com,Executive fear only your majority chance.,2024-12-05 16:33:53,not_spam
MSG0042,martin86@yahoo.com,Thank wonder draw him task improve fish list tree high write society present charge who call.,2024-12-25 17:30:37,promotion
MSG0043,sawyerscott@hotmail.com,Address century that wide avoid sit enter perhaps however bag forget purpose move west phone thought maintain must pay doctor.,2025-01-31 07:41:46,spam
MSG0044,juliehamilton@gmail.com,Kitchen really tough animal someone fall hear certainly most not.,2025-03-14 07:26:48,not_spam
MSG0045,gregorylynch@harvey-allen.org,Discussion point least project together let explain national available war.,2024-12-24 17:11:42,not_spam
MSG0046,dvaughn@yahoo.com,Yourself table blood high grow fast.,2025-02-06 02:23:00,social
MSG0047,spencedominique@yahoo.com,Not rate seat any paper market tough.,2024-08-29 16:09:10,promotion
MSG0048,jeffery39@byrd-le.com,Best physical always small almost half capital travel force indeed customer skill theory hand maybe evening clearly trial want whose far that sound life away senior difficult put.,2025-01-27 10:33:05,urgent
MSG0049,christopher60@yahoo.com,Buy happy see energy herself police he push likely people wall.,2024-09-14 21:52:12,promotion
MSG0050,reidsteven@turner.com,You break doctor Mr home he we recent music onto risk those pressure street past voice evidence real.,2024-08-02 21:43:48,spam
MSG0051,xsampson@gmail.com,Name within grow huge couple business summer lawyer production.,2025-01-14 17:44:56,spam
MSG0052,buchananjohn@buchanan.com,Debate democratic thank forget challenge too able teach certain candidate economy company produce ago address so draw food company appear score moment second.,2024-11-11 11:33:50,promotion
MSG0053,william17@hotmail.com,War analysis situation term miss leader who article look husband.,2025-01-31 23:31:19,promotion
MSG0054,cjoseph@lam.org,Assume every plan nature foot.,2024-12-28 12:43:32,not_spam
MSG0055,bwagner@gmail.com,Table prepare shoulder result Democrat later direction fund law indeed believe interview professor hear.,2024-07-08 19:19:40,urgent
MSG0056,davischristopher@yahoo.com,Season head candidate art what no prove improve them wait institution trouble anything explain.,2024-09-08 20:51:53,promotion
MSG0057,lanejason@hotmail.com,Difference board suddenly happen several off southern suddenly window stand.,2025-01-03 19:32:50,social
MSG0058,anthony44@bell-white.com,Price attorney scientist will begin most heavy law church find food walk other third choose.,2025-02-27 12:28:55,social
MSG0059,nelsonebony@lawson-perry.com,Box involve exist question main project animal house out account.,2024-09-04 14:03:43,promotion
MSG0060,kathrynroberts@smith.biz,Can mouth discover next property government.,2024-10-11 17:36:05,not_spam
MSG0061,esmith@johnston-berry.biz,Boy again foot soon peace story turn because such during open model how financial fund four.,2024-07-14 19:44:25,urgent
MSG0062,schmidtjames@bell-mullen.com,Bill eight community check service away week physical less nor often race.,2025-04-18 01:54:52,promotion
MSG0063,edward17@yahoo.com,Field ever argue medical financial later arm story baby ten talk past medical leg never social time last special prepare focus little character.,2024-06-03 13:20:04,urgent
MSG0064,shepherdmary@hotmail.com,Mean common easy just keep mission city health.,2024-08-28 09:23:21,urgent
MSG0065,rschroeder@hotmail.com,Smile positive at behind question exist rich.,2025-01-20 12:15:02,promotion
MSG0066,christopher25@ponce-hale.biz,Organization visit finally heavy social spend.,2025-01-25 18:34:03,not_spam
MSG0067,bromero@parker-bean.com,Court yourself choice fast small medical music school money product then peace others child Congress realize person.,2025-04-26 01:59:36,social
MSG0068,xwilliams@ball.info,Move finally speak light strong happy.,2024-12-18 01:19:26,spam
MSG0069,xhammond@yahoo.com,Month whom stage soon catch economic political them never bill suffer surface expect several evening town challenge join watch develop later glass ago.,2024-05-31 05:01:12,spam
MSG0070,joe15@gmail.com,Five between research friend certainly.,2024-05-25 09:38:29,not_spam
MSG0071,ihorton@hotmail.com,Large accept bad eight strong nature road month book explain feeling answer information soldier lead book toward others administration middle drop.,2024-07-05 06:51:47,social
MSG0072,wsmith@gmail.com,Indicate professor beat window attack moment medical write never hospital like player wonder effect administration small general run pick.,2025-03-06 03:32:38,spam
MSG0073,bradleypayne@hotmail.com,Store range wonder long consider care respond want already.,2024-07-27 19:35:39,social
MSG0074,ninastewart@robertson-hays.net,Education send course ground sit tend forward buy happy threat sea thus hit wind many marriage under mind.,2025-03-17 15:52:17,social
MSG0075,mmiller@gardner.com,Foreign fast knowledge response coach know language risk treatment.,2025-01-04 07:27:40,promotion
MSG0076,danielle01@hotmail.com,Guy song quickly well central parent sit alone attack sing hand him note painting quickly.,2024-10-01 14:16:11,spam
MSG0077,khines@gmail.com,Happen fire everything whether ago control military trial brother simple region Democrat partner really your customer career available common require.,2024-06-13 14:53:56,spam
MSG0078,jenna88@yahoo.com,Surface Republican until point soldier meeting building cut catch so ago network hard sound necessary.,2025-01-03 04:24:07,urgent
MSG0079,parkeryvonne@mendoza.org,By first avoid letter military campaign stop necessary onto should can me.,2025-04-12 16:56:56,promotion
MSG0080,holmeskevin@morris.com,Way million exist bad cultural what ever person pass behavior political option oil commercial person top front under.,2024-05-26 12:35:19,promotion
MSG0081,williamsdarlene@baker.org,Marriage phone face what.,2024-11-14 02:00:07,promotion
MSG0082,eevans@brown.com,Parent fine responsibility safe team wish candidate have no five letter environment.,2024-08-14 19:24:05,not_spam
MSG0083,williamssonia@barnes.com,Return couple city you level these market bed hotel lead drive on any example our successful pull.,2024-08-29 11:59:52,spam
MSG0084,jordannicole@diaz.com,No guy eye hit late near stay perhaps particularly campaign benefit health would newspaper hand certain own husband American although require sound.,2024-11-28 05:09:42,promotion
MSG0085,catherinerobertson@yahoo.com,Five hotel pattern successful order medical meeting majority none little admit former body indicate film together the picture others.,2024-08-21 15:33:10,not_spam
MSG0086,silvageorge@griffith.com,Occur red course kid industry include data maybe.,2025-01-03 00:01:06,spam
MSG0087,thorntonapril@hotmail.com,Your long heavy what least mouth national put test race sound enough machine whatever everything fear walk word side.,2025-02-08 06:46:58,promotion
MSG0088,wstewart@peck.com,Quality here woman stand west source fact explain research get kind either look dark Mrs usually receive case past only drug prove most point appear.,2024-10-18 00:52:40,urgent
MSG0089,xgarcia@gmail.com,Who within citizen present thing little practice sense expert.,2024-08-29 08:53:37,not_spam
MSG0090,pearsonjesse@sharp.com,Think compare try young however many view while unit.,2025-04-16 00:28:07,promotion
MSG0091,evanscarrie@mitchell-hays.net,Management voice surface life cover both class learn either control say so nothing serious compare task today still middle beautiful protect continue.,2024-07-04 03:13:39,not_spam
MSG0092,shari04@yahoo.com,Land environment form old of end growth door property let civil rather.,2025-05-04 00:36:05,urgent
MSG0093,fowlershelia@yahoo.com,Determine whatever long lawyer writer health reduce tree serious soon stay seven quite other skin moment month gun true born stock total dark Mr clearly take kind.,2025-01-29 17:26:28,spam
MSG0094,gdavis@stokes-chavez.net,Lead around left southern rich how staff second official and general as yes various attorney value.,2024-05-22 20:25:13,promotion
MSG0095,iwhite@hotmail.com,Hear through large true help bag who themselves card team budget year hotel camera.,2024-08-05 00:15:11,spam
MSG0096,goodsteven@stephens.com,Get every visit right both special information she.,2025-04-18 17:50:19,promotion
MSG0097,jamiegarcia@griffin.com,Scientist I doctor describe tell argue mean eye staff rule five our pull fly few century produce determine.,2024-09-04 05:30:06,promotion
MSG0098,hawkinsbrittany@hotmail.com,Personal interview many win walk provide skill.,2024-09-11 07:27:01,spam
MSG0099,yhernandez@gmail.com,List support feeling remain south trip none whose newspaper care drug.,2024-07-28 11:51:56,urgent
MSG0100,nielsenmelanie@gmail.com,Right couple environmental purpose owner them could seven.,2025-02-15 19:38:38,spam
MSG0101,vclark@krueger-smith.com,Section senior trial receive region however dream focus executive letter possible final.,2024-09-27 04:45:38,social
MSG0102,ugarcia@yahoo.com,Trial have including none determine certainly end various often individual charge form here street material pressure range either start.,2025-02-15 12:40:43,spam
MSG0103,yjackson@yahoo.com,Cause national contain threat wrong whatever model stuff avoid stand any according case piece.,2024-06-05 22:08:13,urgent
MSG0104,robinsonstephen@williamson.org,Process administration mother in admit reveal movie expert maybe recently issue vote conference truth modern drive people education great some bad.,2024-10-15 05:04:47,not_spam
MSG0105,veronicaperez@hotmail.com,President teach service behavior here.,2024-12-11 04:10:50,social
MSG0106,walshjacqueline@gmail.com,Suddenly population former with wind thus try discover top realize note even under range exactly myself probably.,2024-07-19 04:20:06,not_spam
MSG0107,alibrenda@hotmail.com,Up federal nor note support quality music himself science so ready.,2024-06-09 23:37:44,urgent
MSG0108,davisjesse@gmail.com,Painting pass other why for plant situation late direction need heart control one herself sign far east available environmental.,2024-10-05 02:29:11,urgent
MSG0109,gstewart@smith.info,Seven bill beautiful issue news mention billion bed never others six tell.,2024-05-15 07:39:10,not_spam
MSG0110,fhughes@hotmail.com,Toward within occur college herself catch feeling manage as itself inside machine baby edge east person order crime blood fight we forward per sound forget friend.,2025-03-23 05:24:44,urgent
MSG0111,malik37@thompson-sanders.com,Same plan whose site for exactly skill half usually customer young conference should agree road wall decide.,2025-03-16 07:35:52,not_spam
MSG0112,fuenteslaura@yahoo.com,Cause field education child institution help last our old move type thank industry already why reduce speech order trial body.,2024-08-14 22:18:37,promotion
MSG0113,deborahwilliams@hotmail.com,Whom former someone black better develop section newspaper reach determine hear leg quickly.,2025-02-02 15:58:19,promotion
MSG0114,whitney71@perry-nixon.com,Give gas six miss give best reveal laugh attack and.,2025-02-10 13:34:13,urgent
MSG0115,sweeneydeborah@marsh.net,Necessary former interview left something picture control price how scene.,2025-04-18 11:41:38,spam
MSG0116,yvargas@bush.com,Officer son Mr hand culture box.,2025-01-26 00:01:13,not_spam
MSG0117,candice96@hotmail.com,Girl suddenly pay sport relationship.,2024-09-03 01:01:00,promotion
MSG0118,lawrenceallen@white.com,Home others offer institution main Mr try.,2025-05-06 23:20:07,urgent
MSG0119,tracytaylor@wilkinson-harvey.com,Machine crime himself no president important man report.,2024-10-29 21:37:41,not_spam
MSG0120,christopherjohnson@gmail.com,Allow different eye sit not significant manager member of environmental myself yard my series.,2025-03-01 16:22:54,not_spam
MSG0121,veronicagarcia@hotmail.com,Fear yourself last give stage.,2024-10-28 01:03:29,spam
MSG0122,jasonrojas@bell.com,Cause deal deal arrive go exactly much food region eye environment teach world quickly believe while size try yeah term camera tend economic.,2025-02-10 19:18:38,spam
MSG0123,kathleenlowe@yahoo.com,Officer environmental increase later plant they behavior.,2024-11-26 18:29:45,spam
MSG0124,shawn75@hotmail.com,Than suggest behavior will play recently sure somebody huge why station manager.,2024-09-12 21:57:04,spam
MSG0125,amy29@yahoo.com,Thus several animal phone student administration upon citizen lead yeah into yet travel think few themselves theory behavior growth.,2024-06-11 12:50:42,promotion
MSG0126,brettgarrett@hotmail.com,Investment before believe degree back order.,2024-11-28 06:12:04,urgent
MSG0127,smithmatthew@gmail.com,Really local director become south billion happen federal him spend.,2025-04-15 03:32:08,promotion
MSG0128,caseyelliott@santos.com,Pattern kind describe to cause but role goal investment social easy popular easy over return expect wait.,2024-05-20 22:39:05,social
MSG0129,aprilhicks@hotmail.com,Far approach today west manager both matter order month.,2024-05-15 05:06:09,urgent
MSG0130,david96@yahoo.com,Raise several west side admit attack energy always art smile.,2024-11-23 06:34:59,urgent
MSG0131,zhenderson@gmail.com,Mrs check base bad TV window choice force only shake power poor financial join well draw each under break.,2025-01-03 07:38:59,social
MSG0132,elizabeth21@zimmerman.com,Market get military state else head seek.,2025-04-14 17:52:04,social
MSG0133,wiseanthony@yahoo.com,Model enjoy window physical many member area teacher cold church significant thus purpose boy scientist able.,2025-04-09 00:11:29,social
MSG0134,brandoncox@white.net,Different eat trouble floor step number budget pull apply development.,2024-11-26 19:59:35,spam
MSG0135,djones@ayala-collins.com,Lead hard factor six science drug happy will young.,2025-03-07 20:24:40,social
MSG0136,edwardrandolph@hall.com,Ability price support road billion morning draw man art young Republican.,2024-06-15 15:42:04,social
MSG0137,phyllismeyer@huang.org,Measure PM hour option artist production candidate factor.,2025-04-05 23:43:14,social
MSG0138,vhaynes@yahoo.com,Laugh do want carry show board black last finish building group show later leg system bed space fight relate.,2024-12-30 19:49:00,spam
MSG0139,marymurphy@dawson.biz,Any federal star community weight take new nearly behind big soldier building article sit develop cup hundred rather visit base.,2024-12-24 03:39:09,spam
MSG0140,johnsoncaleb@hotmail.com,Speak begin suggest speak business walk.,2024-05-30 04:36:27,social
MSG0141,zunderwood@johnson-vega.com,Democrat cost evidence third alone people early far include nearly article evidence case current this moment piece.,2025-03-18 01:22:42,promotion
MSG0142,wcasey@stephens-washington.org,Focus establish ago others ahead specific exactly speak line group once do city easy drop move social say shake way offer work.,2024-10-08 08:59:25,spam
MSG0143,gregorywatkins@hotmail.com,Trial agreement red way nor none could write think.,2024-11-17 16:30:56,not_spam
MSG0144,tracydavis@gmail.com,Despite money a truth cut candidate response try such food against only.,2025-05-01 17:46:43,urgent
MSG0145,mathismichelle@brooks.biz,Big few carry church we social whether power company why really up skin development open compare fill.,2025-02-01 21:54:02,not_spam
MSG0146,gregorysmith@hotmail.com,Hot yes whole allow own TV whose determine not view cell seat draw word collection.,2025-04-19 08:24:46,not_spam
MSG0147,sean43@steele.com,Result answer just information coach increase think.,2024-09-23 22:20:30,social
MSG0148,poolekristina@hotmail.com,Class available suffer far five weight avoid.,2024-07-15 14:07:31,spam
MSG0149,jessicapayne@gmail.com,Order party lot all wall close threat church big day couple recent reveal.,2025-02-18 00:28:51,urgent
MSG0150,kenneth10@yahoo.com,Near make approach about because station person lose best.,2024-07-29 21:34:17,spam
MSG0151,tiffany71@glover-ruiz.com,Politics hold he high cost and keep enjoy student nor character.,2025-02-05 00:12:35,urgent
MSG0152,barnettlindsey@arellano-lawrence.net,Subject stand industry movement term little think live bad total research maybe.,2025-04-25 05:28:46,spam
MSG0153,averyshane@stanton.com,Interest write itself young.,2025-01-09 02:48:07,not_spam
MSG0154,luis11@hawkins-arnold.com,Leader them skill performance mission information increase challenge onto serve.,2025-05-10 10:48:09,social
MSG0155,hartcraig@dillon-beard.biz,Him magazine participant also every century participant really although threat former down.,2025-02-24 03:31:19,social
MSG0156,penny05@yahoo.com,Exactly man receive better than care wind kitchen.,2025-03-27 05:51:40,social
MSG0157,jessica91@gmail.com,Deep station scientist service test start middle city find medical career surface these ahead cover strategy student economic lead truth relate ever statement.,2024-11-22 16:44:56,spam
MSG0158,maldonadojohn@yahoo.com,Land whether listen necessary general study else store bed agree.,2024-05-29 19:24:40,social
MSG0159,mercedesholland@clark.com,Treatment positive over across education source figure.,2025-02-10 00:25:14,social
MSG0160,wwoodard@yahoo.com,Design few minute perhaps once account yourself whom style.,2024-12-14 13:47:22,social
MSG0161,gabrielle71@yahoo.com,Political technology end represent throughout federal change she tonight.,2025-03-19 07:46:48,social
MSG0162,erin07@yahoo.com,Trade identify say on yes staff gas require rather point little wait grow feel color.,2025-01-20 22:02:35,urgent
MSG0163,connor24@stokes.com,Develop development the inside thought he one less brother approach plant.,2024-12-21 21:32:24,social
MSG0164,gpreston@dillon.net,Including that character yeah garden would throughout.,2024-11-04 05:30:17,not_spam
MSG0165,michelle21@cook-hatfield.com,Above event seven collection share majority.,2025-03-03 01:36:37,not_spam
MSG0166,christinaschultz@patterson-woods.com,Move room wear.,2025-04-21 22:43:55,urgent
MSG0167,andrewsmith@hotmail.com,Difficult theory fine bill me fill assume animal way lay minute model its rather card.,2025-04-25 14:08:08,urgent
MSG0168,karen26@gmail.com,Difference world deep against mean.,2024-06-27 08:34:58,promotion
MSG0169,brooksdanielle@hotmail.com,Any yes product president after ready indicate herself.,2024-12-09 01:40:17,spam
MSG0170,nmiles@hotmail.com,Act inside big minute performance red industry together memory pay executive size marriage participant sing story win group important civil nature.,2025-04-29 01:46:07,social
MSG0171,arivera@powers.org,Chance bed memory rich big eight discuss write fast less between company always fact soon fine school.,2024-06-16 10:04:47,urgent
MSG0172,christianelizabeth@murphy.org,There behavior spring consumer husband while even.,2024-10-07 07:45:32,spam
MSG0173,zbanks@gmail.com,Car risk word such billion treat lot notice just particularly.,2025-03-09 02:58:03,spam
MSG0174,huffmannichole@hotmail.com,Low maintain thought key as pressure actually than modern season rich difference what their.,2024-11-28 02:59:22,not_spam
MSG0175,pstanley@reed-rhodes.biz,Stuff next write approach poor.,2024-07-10 11:17:56,urgent
MSG0176,ebooth@yahoo.com,Drive wife anyone development poor idea dog.,2024-11-04 19:42:06,not_spam
MSG0177,fmiller@yahoo.com,Budget market president bill include news a before page people fight meet.,2024-07-29 20:37:24,spam
MSG0178,michael03@yahoo.com,Nice people list price respond box service develop game stop who factor miss reduce animal clearly cell response return blood.,2025-01-02 18:10:52,urgent
MSG0179,davidphelps@bryant.com,Serious another plan public but through.,2024-11-04 03:47:38,urgent
MSG0180,vsmith@tran.org,Under sit travel reality community spring billion price paper focus thing industry participant realize eat huge garden family.,2025-03-19 01:52:48,spam
MSG0181,robertgraves@hunt.com,Plan cut person fact generation public wonder practice when mean reason follow break good lose number project individual security.,2025-04-02 06:56:48,spam
MSG0182,hstokes@gmail.com,Herself apply argue environment size worker raise.,2024-07-06 09:26:29,urgent
MSG0183,james80@cervantes-garcia.net,Score night down six sometimes explain professor unit hold what wish fine need.,2024-05-15 13:28:29,urgent
MSG0184,christinenorman@yahoo.com,Treatment relate positive sense national owner simply who family.,2024-07-18 10:21:33,promotion
MSG0185,sydneymoss@bennett.com,Enough claim suffer accept letter visit always up others similar personal.,2025-04-02 23:15:51,promotion
MSG0186,jtyler@yahoo.com,Six fish detail contain attention measure.,2024-10-19 01:23:24,promotion
MSG0187,baileynicole@hotmail.com,Former family wear peace little no sell power boy generation drive politics.,2025-05-02 06:40:14,not_spam
MSG0188,flemingmanuel@cruz.com,Treat state heart sort knowledge analysis together court message way.,2024-07-14 12:51:45,promotion
MSG0189,clarkcrystal@hancock.com,Mrs reflect wish simple position vote section child learn forward beautiful.,2024-05-31 14:26:42,promotion
MSG0190,angela93@russell-hayes.biz,First hope brother accept result as second animal summer group me face rate paper example unit high state air choose detail section someone.,2025-04-05 10:14:25,spam
MSG0191,kennetheaton@hotmail.com,Whatever action themselves center among of.,2024-10-10 13:44:15,social
MSG0192,jason53@whitehead-york.com,Contain pattern education boy provide note approach seem wrong nature popular available.,2025-01-26 09:11:25,urgent
MSG0193,corey97@howard-lambert.com,Expect attorney cover magazine foreign.,2025-01-21 14:53:27,spam
MSG0194,arianadiaz@yahoo.com,Collection finish size Republican political everybody growth quickly former lose knowledge simple main board population.,2024-06-11 08:40:48,not_spam
MSG0195,patriciagonzalez@hotmail.com,Baby away affect medical all old if operation trade necessary myself your line simple hand development sign run fact.,2024-11-06 23:57:30,promotion
MSG0196,acox@allen.com,Cell city not not the certainly rule voice American seven.,2024-08-08 12:41:44,promotion
MSG0197,mike03@velez.info,Always possible billion why plant event score official now heavy her onto together.,2024-06-09 18:07:40,spam
MSG0198,okaufman@hotmail.com,Good test main lot page maybe catch close baby poor deep cost gun response brother discover specific result loss long decision claim.,2025-03-30 04:09:17,not_spam
MSG0199,sanchezdavid@hotmail.com,Care mention three chair coach two might if.,2024-12-15 09:48:23,promotion
MSG0200,stacey37@haney.biz,Central old should perhaps member cold rate two others attention.,2024-10-04 09:48:55,social
MSG0201,danielharris@hotmail.com,Step painting concern top outside there mother sell behavior process top much ability visit question issue inside themselves recently investment voice.,2024-11-13 18:20:46,urgent
MSG0202,brianna91@yahoo.com,Effort she travel base our myself election accept season according mission mind heart.,2024-07-29 07:16:15,promotion
MSG0203,jcox@yahoo.com,Effect talk interest hand every quite sense including six lot have never effect fill general relationship save talk process security.,2024-10-30 23:11:45,urgent
MSG0204,lewisrichard@owen-mendez.com,Home player source statement.,2024-11-09 16:54:01,urgent
MSG0205,brownjeffrey@gmail.com,Also his worker pass minute represent our watch star policy keep cut prevent.,2025-03-18 17:36:48,spam
MSG0206,arthurgreene@hotmail.com,Past purpose growth pretty wish beautiful every human prove if customer address region try near risk next.,2024-12-22 21:57:14,not_spam
MSG0207,sylvia43@hotmail.com,Lawyer identify above company media next me future.,2024-06-24 23:13:58,spam
MSG0208,heather69@yahoo.com,Serious which learn leave only agree break attack plant yes quality discover firm western might act strategy eat.,2024-06-15 15:32:26,spam
MSG0209,charles27@yahoo.com,Despite off consumer second us couple say dog drug enter director strong student green single build bad.,2025-01-23 04:11:26,urgent
MSG0210,duranamber@gmail.com,He firm together thing off ever consumer share memory.,2024-10-12 01:08:08,promotion
MSG0211,brianlloyd@ayers-johnson.com,Team simply lead build million firm across purpose here beyond gun.,2025-04-10 05:34:47,urgent
MSG0212,amyyoung@yahoo.com,Gas contain interest industry sell half hundred late number without rather sport.,2025-02-14 11:07:01,promotion
MSG0213,angelachase@gmail.com,Son school list act instead care throw.,2025-01-10 10:43:57,promotion
MSG0214,jevans@hotmail.com,Huge real art sport live picture last free guess.,2024-12-14 03:28:15,social
MSG0215,andrew15@hotmail.com,Current office power company sister great pull maintain say threat high expert place.,2024-07-05 18:42:51,spam
MSG0216,robert99@sweeney-jones.com,Direction first fact environment popular even know.,2025-04-10 14:34:09,social
MSG0217,lgutierrez@gmail.com,Road product wait red bag cold billion as these nature ago however share bar.,2024-08-20 10:51:44,promotion
MSG0218,penanicole@perez-rojas.info,Call money color along ground trip ten level.,2025-04-13 17:59:24,spam
MSG0219,staylor@hotmail.com,Opportunity lead see theory itself policy move training loss.,2024-08-06 17:37:13,not_spam
MSG0220,aparker@moore-smith.net,Gas light across two water local across involve fall discuss account health.,2024-10-17 10:17:11,promotion
MSG0221,twright@hotmail.com,Stock determine bad personal might son party really.,2024-08-24 02:35:47,social
MSG0222,robert12@gmail.com,Book lay laugh red man fly charge wide against win example by just.,2024-05-13 17:05:51,social
MSG0223,hernandeztristan@fisher-floyd.info,Less social form such weight argue simply author like court success stage stock business.,2025-03-04 20:15:59,spam
MSG0224,cwise@rojas.com,Same behind program decade home which view city.,2025-02-17 08:17:29,spam
MSG0225,kingdanielle@ward.com,Door its address some once how during why ok real read choice side eat.,2024-11-20 16:12:53,not_spam
MSG0226,sarah00@newman-miles.com,Maintain first next popular girl through run again help right.,2024-08-15 21:17:17,spam
MSG0227,jmann@daniels-henry.org,Myself food life test out team civil most last standard must law simply media safe.,2025-04-18 10:09:22,promotion
MSG0228,kimberly35@brown.com,Raise she child executive important focus benefit probably analysis visit condition all blood court all politics home majority perhaps.,2024-12-25 18:37:59,urgent
MSG0229,diazcatherine@gmail.com,Us decade man threat.,2024-06-10 13:52:53,social
MSG0230,wardjulia@yahoo.com,Some around pay more same strong back democratic.,2024-11-28 06:35:01,spam
MSG0231,hardyamanda@lee.com,Personal condition see indeed black police group learn professor third coach Congress husband.,2024-09-18 14:28:40,promotion
MSG0232,umahoney@frey.biz,Part none degree she unit effect which language however risk work other military year few feel develop talk against state.,2025-02-02 09:16:43,spam
MSG0233,clintonstevens@gmail.com,Enter threat economic eight feel now notice design baby foot lot major together reflect standard.,2024-06-16 13:29:14,promotion
MSG0234,crossbarbara@gmail.com,Two free they its us building.,2025-03-05 17:11:08,not_spam
MSG0235,walterscrystal@torres.com,North force recently check purpose young wife send offer bed it skill challenge from live seat nature energy huge its.,2025-02-05 13:15:16,spam
MSG0236,timothygonzalez@pearson-gonzalez.org,East author since food under become public interest give fly order agency fight.,2024-09-23 08:13:23,urgent
MSG0237,scottglass@gmail.com,Rate choose rock beat science drug per challenge strategy explain gas sound figure likely forward science deep.,2024-12-08 17:40:22,social
MSG0238,jdean@hotmail.com,Heavy town money eight art customer recent even let.,2024-05-13 18:18:36,not_spam
MSG0239,qguerrero@ward.biz,Woman meet report tough machine others because current whom night Republican always two figure majority season adult.,2025-01-31 06:52:26,not_spam
MSG0240,colleen38@yahoo.com,Personal these three spring ahead never exactly charge today prevent because him.,2025-01-28 20:00:01,not_spam
MSG0241,jallen@waller-browning.com,My deal catch must son television finally relate model career yet wish certain usually true fish newspaper we brother fish they.,2025-02-16 21:30:08,not_spam
MSG0242,nicole66@ramos-peck.com,Single blood continue several partner environment note discuss discussion reach grow read live maybe painting.,2025-02-11 01:07:45,social
MSG0243,melissahenry@gmail.com,Cover allow share address.,2024-08-23 07:53:43,not_spam
MSG0244,juliamcneil@gmail.com,Computer western keep pay reach term thought into simply part station.,2025-02-14 05:23:20,promotion
MSG0245,vcarr@hotmail.com,Movie political region although body lead there there early Mrs worker always hold share while couple keep this similar experience coach family try ready.,2025-04-26 11:29:51,social
MSG0246,cgallegos@sharp.com,Visit receive career including late condition opportunity Republican dark lawyer economic reality trade someone responsibility but box last guy model himself social memory wear.,2024-10-04 14:10:14,not_spam
MSG0247,taterhonda@hotmail.com,Class certain shoulder anything final role which.,2024-08-30 16:15:34,not_spam
MSG0248,roachsusan@dean.com,Marriage material space part management describe process law kind over according think everything pick star debate continue area give certainly allow.,2024-12-21 00:50:40,spam
MSG0249,samantha01@yahoo.com,Claim expect produce record occur no whom see growth.,2024-05-24 10:41:00,spam
MSG0250,marcus61@bridges-brown.info,Business teacher forget including decide decade around number without more because right painting small.,2025-02-09 00:32:09,social
MSG0251,ulynch@yahoo.com,Offer perhaps until pass market role marriage space this discussion fact.,2024-07-24 16:41:50,not_spam
MSG0252,johnsoncolleen@mclaughlin.org,Increase free night point action cut example so film media food accept rate game right pattern ahead compare form full public.,2025-05-01 07:53:18,social
MSG0253,brewertimothy@hotmail.com,Throughout Mr friend six including sea strong federal right firm movie decade.,2025-01-31 17:53:26,promotion
MSG0254,carl24@gmail.com,Worker phone success number hope organization ten seem relate fire all including market down later week democratic few born.,2025-03-11 08:50:17,not_spam
MSG0255,robinwallace@lloyd.com,Future low them financial force show better.,2025-05-09 19:38:45,spam
MSG0256,jennystevens@hancock.com,The four threat billion she seat against serve police decide customer expert mother significant provide evening church boy when nice bill.,2024-12-07 05:21:50,not_spam
MSG0257,joseph49@gmail.com,Author party full kitchen candidate likely push black approach.,2024-10-23 03:34:43,promotion
MSG0258,janetvance@hotmail.com,Pattern fine stage require provide move wind sense letter capital spend.,2025-05-02 16:45:11,spam
MSG0259,bryantgabrielle@hotmail.com,Like water century time election guy contain true form team foot maintain assume both long suffer executive give offer meet if.,2025-02-11 22:08:15,promotion
MSG0260,angela14@murray.com,City lot at decade really issue woman note garden reason community prove school Republican.,2025-03-31 11:41:18,urgent
MSG0261,vargassteven@hotmail.com,State computer what attorney board sport side her.,2024-11-18 11:47:40,urgent
MSG0262,robinsondominic@berger.com,Laugh factor past language day theory feel some.,2025-01-29 10:34:41,spam
MSG0263,wrobbins@gmail.com,Account worry identify camera family hard nature apply reflect.,2025-03-25 06:36:18,promotion
MSG0264,callahanmichelle@gmail.com,Reduce hour fish him high nation production little could.,2024-10-06 21:18:56,urgent
MSG0265,qmoore@gmail.com,Activity possible century those price window career.,2024-07-02 19:36:56,spam
MSG0266,senglish@hotmail.com,Perhaps lawyer interest star his difficult interesting.,2024-05-13 09:52:57,urgent
MSG0267,jenniferadams@hotmail.com,Happen within nothing relate both loss real center rule worker worker single let back three.,2024-06-13 21:00:35,promotion
MSG0268,qmccoy@miller.com,Apply gas sing light mention light safe inside whether sometimes eye along type see risk nor article list college appear wrong speak person.,2024-08-29 21:56:44,promotion
MSG0269,martinezchase@yahoo.com,Car exactly tax add born company option character land space end.,2025-02-06 16:19:30,urgent
MSG0270,hwhite@cooper.com,Value child many year side draw key point decision same generation politics sense break cold human feeling second sell.,2024-12-03 08:05:02,spam
MSG0271,yvega@baker-moreno.biz,Eye something high firm morning what best.,2024-12-02 20:38:34,urgent
MSG0272,pbishop@yahoo.com,Establish sort effort once leave push drop public side.,2024-11-28 10:56:12,promotion
MSG0273,lawrencesmith@gmail.com,Activity best billion land.,2024-08-03 17:44:18,social
MSG0274,james09@gmail.com,Voice prevent structure wear.,2025-01-13 07:59:36,urgent
MSG0275,millercassandra@douglas-yoder.org,To receive education level view police two everybody interview tough show food class available since him.,2024-09-16 17:11:48,urgent
MSG0276,stephanie42@jones-krause.com,Hotel population board music issue pass blood kid else alone audience road since affect marriage present a also hospital charge form hospital.,2024-05-11 23:09:05,not_spam
MSG0277,ugraham@gmail.com,Difficult his ready sister building movement yard four field area young positive half table.,2024-09-19 14:14:41,social
MSG0278,shodges@harris.com,Receive to piece grow be plan.,2025-02-20 02:20:53,promotion
MSG0279,austinjohnson@allen.com,Move strong last yet already argue skin amount brother southern project learn question them chance often under already.,2024-07-04 12:20:55,promotion
MSG0280,ruizsamantha@gmail.com,Red candidate common anyone film soldier lay color opportunity stand blood market sometimes determine.,2025-03-18 22:40:49,spam
MSG0281,vrogers@morales.net,Focus who degree animal community as event serious collection have close during old.,2024-07-01 07:44:12,promotion
MSG0282,bstrickland@miller-smith.com,Thought indicate southern significant realize deal policy mission include visit particular also conference matter wear physical site girl.,2024-05-12 07:13:33,promotion
MSG0283,davidmoreno@montgomery.net,Less phone decade apply both chance such treatment marriage civil two approach hair decide.,2024-08-16 03:40:40,social
MSG0284,vwilliams@gmail.com,Compare size machine break time return or for cup quality for single for better.,2025-02-21 00:56:18,social
MSG0285,nicholaswalker@yahoo.com,Machine three certain until lawyer hold carry rest place wish dark camera realize arrive carry surface learn commercial gas though page smile.,2025-01-13 07:12:49,promotion
MSG0286,christophervincent@atkins-robinson.info,Evidence role save east force often through option chance off above woman always likely shoulder almost.,2024-12-02 19:02:35,not_spam
MSG0287,spacheco@gmail.com,Manager bar send really image design grow dream your administration.,2025-01-25 08:29:37,social
MSG0288,jacquelinehodge@hotmail.com,Agency lawyer sign them if smile have less plant team audience throw four allow international especially watch my some skin ball.,2025-04-17 14:43:17,social
MSG0289,robertsonrenee@yahoo.com,Book half people half compare next attack remember daughter wonder.,2024-08-11 04:50:52,not_spam
MSG0290,wmclaughlin@pitts.com,Good environment quite everyone as generation main money but report question mouth factor per son.,2025-02-03 17:56:14,urgent
MSG0291,patriciaellis@myers.com,Body every recent many themselves minute.,2025-01-09 03:16:04,social
MSG0292,robert82@reed-wallace.com,Country against soon strong mind from official pretty skin main program morning nature.,2024-11-04 09:33:55,spam
MSG0293,rachelparker@yahoo.com,Machine wife show another good lay coach under.,2025-02-10 23:12:01,promotion
MSG0294,teresafranco@hotmail.com,Claim bring year off kid hard day.,2025-02-09 03:36:00,social
MSG0295,tiffany25@fernandez-martin.com,Turn identify material certainly leader floor above school wish former relate listen face.,2025-02-27 09:55:33,urgent
MSG0296,hmorgan@mendoza.com,Agent pay detail group for part crime money sit short cultural base support quality.,2024-06-13 11:02:31,promotion
MSG0297,tracymorrison@hotmail.com,Training guess challenge take hard health expect goal.,2024-10-30 13:41:58,social
MSG0298,jessicawallace@lara-roberts.biz,Cause onto beat debate listen test would at whether series because important trial increase.,2024-12-12 09:11:25,not_spam
MSG0299,jamescollier@yahoo.com,Make state few one management science different social child feel policy PM buy program explain conference trade population.,2024-05-21 13:44:02,social
MSG0300,trevor19@cox.com,Rather window stand health run adult employee ok certainly leave really group apply guess player western any factor police baby create physical share out cold.,2024-09-12 19:32:37,not_spam
MSG0301,joseph51@hotmail.com,Goal century carry example single include TV clear design me story somebody next ready weight suffer Republican reduce sort individual trouble.,2024-06-24 19:06:02,spam
MSG0302,mendozalarry@taylor-ramos.org,Shake garden report agreement sport develop task central dinner by candidate bad.,2025-02-02 19:31:18,urgent
MSG0303,smithtodd@williams-rodriguez.net,Arrive budget education at property senior site turn day top continue goal before suffer walk we girl civil may rock drop.,2024-12-17 23:36:31,urgent
MSG0304,weisskathryn@robinson.net,Wind better degree mean remain hand.,2024-12-25 10:03:18,spam
MSG0305,gnunez@davenport.biz,Method imagine seven fire letter mind many guess explain reveal bank management his lead save reach.,2025-04-02 04:09:31,not_spam
MSG0306,angelaroberts@yahoo.com,Task thus sort voice happen actually purpose public how mission put budget house.,2025-02-04 10:50:43,promotion
MSG0307,calvinhester@gonzalez-anthony.biz,Do interesting material share she order.,2025-02-28 05:53:03,not_spam
MSG0308,thomas96@yahoo.com,Everything should blue economy market pick care between apply attention.,2025-01-28 21:02:58,spam
MSG0309,patrickshelton@turner.com,Produce mind man letter.,2024-09-01 12:50:05,not_spam
MSG0310,iwagner@yahoo.com,National weight all involve trip himself fire heavy least allow news team field relationship man care.,2025-02-12 11:39:13,urgent
MSG0311,kgallagher@hotmail.com,Process rate occur live take media hot manager wife pay good within fly agreement and student give score agree through game best generation.,2024-09-26 07:31:23,spam
MSG0312,brian33@gmail.com,Or travel assume figure front after for leave tell nothing top entire.,2025-02-04 19:25:59,social
MSG0313,odomnicholas@yahoo.com,Occur space beyond push from me share fund pass guy job market suggest skin subject movie explain answer you I.,2024-08-06 06:02:23,urgent
MSG0314,vargasjoshua@solis.com,Measure feel professional finish increase economy middle public.,2024-12-09 04:16:56,social
MSG0315,burtonzachary@ray.info,View mouth pass shoulder its not phone mission hair challenge character rate.,2024-09-04 03:24:07,social
MSG0316,eflores@hotmail.com,Suffer environment expert civil rather door draw.,2024-07-07 18:22:46,not_spam
MSG0317,sanchezmargaret@washington-esparza.biz,Dark evening ahead smile everyone nearly popular amount reveal site.,2024-06-01 00:19:03,spam
MSG0318,carolyn16@powers-blackwell.biz,Door number matter building professional oil simple moment market bed outside significant finish strategy say.,2025-03-19 11:37:05,spam
MSG0319,grobinson@lewis.info,Effect operation make hear we first interest radio white these view guy resource start again whom paper success production wait.,2025-02-02 18:15:25,social
MSG0320,angela45@martinez.biz,Travel hotel within eight bed.,2025-03-26 00:49:18,not_spam
MSG0321,jason27@stewart.com,Term statement wait likely include subject response theory star station recognize media goal own spend scene law.,2024-05-21 03:33:31,urgent
MSG0322,crystalgibbs@smith.com,Office book economic require should power candidate order improve vote later them card.,2024-07-16 21:34:18,spam
MSG0323,james65@gmail.com,Then war this difference way type positive phone trade wind cup red collection husband investment.,2024-08-19 13:28:34,not_spam
MSG0324,rubiogeorge@wilson.info,Budget require course technology site explain management candidate task outside yet executive quality industry impact certainly face energy pay traditional hard range leader action.,2024-07-01 06:11:23,spam
MSG0325,tmcdaniel@yahoo.com,Save eight believe arrive four dog traditional you vote whose our security animal effect.,2025-01-06 04:15:36,not_spam
MSG0326,tiffany52@hotmail.com,Oil employee mean us there car fish most center bring analysis.,2024-06-29 04:28:43,social
MSG0327,julie64@yahoo.com,Stop unit might job close say man wear new type PM key country approach consumer like clear level break time manager kid.,2025-02-09 21:15:38,urgent
MSG0328,uvasquez@gmail.com,Glass data exist strong seek state none production defense your.,2024-05-12 03:05:04,urgent
MSG0329,pknapp@rhodes-clay.com,Race quite hour opportunity week student child ball store process.,2024-11-02 20:44:02,social
MSG0330,riverabradley@hotmail.com,Foot rule same whatever notice deep any poor follow area audience weight high human concern whole tend.,2024-06-14 03:55:31,urgent
MSG0331,frankchan@holland-best.com,Fear song save TV tough page grow benefit happen.,2024-07-27 03:33:54,urgent
MSG0332,emcclure@yahoo.com,Outside bed institution happy control piece behavior message wind put positive require us money positive base life.,2024-06-10 06:40:12,not_spam
MSG0333,edgar24@gmail.com,Into notice necessary true message member including let result spend green one shoulder administration scientist leg skill successful and indicate region.,2024-09-09 10:49:19,social
MSG0334,qhanson@yahoo.com,Decision back word else pull its adult house actually pretty.,2024-11-05 05:39:36,promotion
MSG0335,nturner@yahoo.com,Source because career course staff receive could agree loss certain drop success teach Mrs beat show challenge instead bring.,2025-04-25 23:45:02,not_spam
MSG0336,emaynard@heath.com,Far stop hot free bill summer it indeed many official room yourself already hundred message right.,2025-05-08 18:04:49,promotion
MSG0337,jenniferrice@yahoo.com,Firm as throughout individual list manager voice get recently again explain court gas discussion detail training fund own successful prevent capital fall represent.,2024-10-19 10:03:24,urgent
MSG0338,kmarsh@hotmail.com,Executive see project can current paper beyond indeed year field decide.,2024-05-28 19:09:41,not_spam
MSG0339,nicole52@clayton.com,Front box dinner no main year.,2025-03-11 08:17:45,social
MSG0340,carrilloangela@gmail.com,Page bit anyone watch sometimes while sense window.,2025-03-10 02:09:30,promotion
MSG0341,romerogary@pitts.com,Remain seven marriage that child hair standard but.,2024-07-27 22:23:03,promotion
MSG0342,ahammond@gmail.com,Game measure be head senior guess professor charge send instead direction soon including.,2024-10-16 11:40:09,promotion
MSG0343,sherry72@gmail.com,Want be fire word clearly article service produce political total around place require produce mind fast I race network fight sea training account evidence month.,2025-05-02 23:51:04,urgent
MSG0344,ngriffin@weber.com,Simple thing base Mr hope rest they.,2024-11-28 15:45:33,not_spam
MSG0345,christopherarnold@hotmail.com,Serious civil agreement someone or drop similar risk.,2024-11-22 18:07:49,not_spam
MSG0346,skinnerjordan@gomez.com,Fear say law work south writer not thus physical mouth other go expect size.,2025-02-12 03:33:23,not_spam
MSG0347,pstone@murphy.com,Lawyer chair international include begin interesting candidate Democrat back quality idea next single the once PM you ready.,2024-11-16 15:29:00,not_spam
MSG0348,drewmartinez@hotmail.com,Can relate tell brother defense list second want.,2024-09-30 23:03:15,social
MSG0349,xrodriguez@roberts.com,Field magazine social central operation any thus threat democratic standard major business.,2024-09-22 22:16:25,promotion
MSG0350,butlerashley@chavez.org,Seven measure leave last last term foot son professor important.,2024-08-08 22:41:27,social
MSG0351,amber74@hotmail.com,Tend religious occur someone religious night buy nice.,2024-07-24 06:10:37,spam
MSG0352,karenshaw@martinez.com,Ever day stop stuff often.,2024-06-12 09:36:21,social
MSG0353,fchapman@gmail.com,Join increase teacher fish either boy between collection century eight bed fill.,2024-10-15 16:43:17,urgent
MSG0354,mendezmark@reeves.biz,Floor include food heart still building dark sell only manage sell his.,2024-06-24 05:15:58,spam
MSG0355,floresangela@gmail.com,Ahead plant trial affect never only big several prepare by nothing land suffer matter situation central music collection early weight which new.,2024-05-26 18:09:37,urgent
MSG0356,nwoodward@delgado-jackson.com,Event economy quite yourself successful defense subject example claim move attorney bed recognize store.,2025-02-16 02:48:26,social
MSG0357,gclark@yahoo.com,Play woman remain event production focus.,2024-07-31 07:47:13,promotion
MSG0358,allen20@hotmail.com,Above act community new recent major hotel ball theory prepare much throughout.,2025-03-23 10:49:43,social
MSG0359,gomezlisa@hotmail.com,Hit stuff speech worker by have cover act sea serve quite remember course staff personal space determine woman whose.,2024-05-24 19:35:38,social
MSG0360,tconway@hotmail.com,According worker point book everyone matter color create school public owner compare.,2024-12-24 22:43:16,urgent
MSG0361,andersonsarah@ibarra.com,Summer age wide question pass quite third ability interview pull practice take follow such imagine.,2024-06-26 19:07:16,urgent
MSG0362,wward@gmail.com,Another truth mother first hot free they space wrong difficult ready when true culture forget as personal.,2024-05-21 08:25:22,not_spam
MSG0363,lmorton@hotmail.com,Subject east list when strategy start mind door authority outside just believe land.,2024-06-28 00:05:46,not_spam
MSG0364,rangelnicholas@brown.info,Feeling phone assume quality nice far.,2024-10-05 16:03:10,social
MSG0365,williamsonrobert@hotmail.com,Action himself somebody they people fund visit situation law foreign court bill organization attack smile cover of PM.,2024-08-18 01:23:22,spam
MSG0366,nolson@yahoo.com,During someone art find job where senior find those.,2025-03-07 16:46:24,promotion
MSG0367,terrancemorrison@wood-smith.org,Arm medical strong teach instead crime customer training size game property reason.,2024-11-08 01:08:09,social
MSG0368,christina65@gmail.com,Lawyer smile among detail about development discover perhaps dream same weight former.,2025-02-21 22:41:18,not_spam
MSG0369,richardmckenzie@gmail.com,Act group never central key place tree growth wish current exist despite energy company suggest early cultural compare energy big.,2025-03-29 10:15:57,social
MSG0370,hpena@boyle-torres.com,Special produce wait with young think there assume certain under some court her hear outside with each animal pattern country movement.,2025-03-13 04:07:17,not_spam
MSG0371,john42@schmitt.com,Social past cold hold think seem hear million condition Republican moment low what listen ok point so power.,2024-07-29 23:52:12,urgent
MSG0372,shannonyoung@torres.org,Very hear nearly care.,2024-06-12 03:49:44,social
MSG0373,ostone@hotmail.com,Let perform international level important source first him conference.,2024-08-09 07:42:52,urgent
MSG0374,howardchristopher@hotmail.com,National back everybody direction budget growth national free push economic seat shoulder suddenly course page case talk respond myself end.,2025-03-05 14:15:33,spam
MSG0375,lynn66@hotmail.com,Line mention seven chance.,2024-10-11 21:38:52,social
MSG0376,jenniferclark@black.info,Future beat suffer investment walk individual just table air.,2024-07-03 11:44:23,social
MSG0377,sherry07@flowers.biz,Federal only nothing allow cause with yes nothing sometimes trial.,2024-12-19 09:34:02,spam
MSG0378,zharris@gmail.com,Hit little forget while police fight commercial push concern step owner agree.,2024-07-26 19:25:57,social
MSG0379,ocampbell@keller-jones.com,Million commercial teacher improve church book movie long attention western tend.,2024-06-29 23:41:11,not_spam
MSG0380,ryan72@andrews.info,Cut yard knowledge station painting east forget notice make leg although before.,2025-01-16 12:34:28,promotion
MSG0381,isabella46@hotmail.com,Indeed conference pay it his probably recognize believe recognize.,2024-05-27 11:36:44,social
MSG0382,joshuafuller@estrada-jones.com,In seven building hard sense mean single improve close debate and ago.,2025-01-13 15:17:54,social
MSG0383,zcooper@gmail.com,Also economy remember carry prove less leave bar prevent require just.,2024-11-09 08:41:22,spam
MSG0384,georgesmith@gmail.com,Family movement hospital back shake quality child group describe alone.,2025-01-27 16:29:50,spam
MSG0385,ohorton@davidson.biz,Know our any help cut economic training customer administration agreement address star quite as when benefit.,2025-03-30 22:58:59,urgent
MSG0386,bradleyhunt@morris-sims.org,Various house into discussion black.,2024-09-13 02:38:11,promotion
MSG0387,moralesleslie@lewis-robinson.com,Hard attack despite feeling out work big movie wrong sure commercial where.,2024-12-29 11:47:49,spam
MSG0388,xgregory@hotmail.com,Forward play this fish surface lot friend part one him political discussion onto.,2024-05-15 16:31:02,spam
MSG0389,jensenpenny@young-patterson.com,Bag case material dark heart politics draw rise write kitchen theory care fish skin always social increase spend seek director run garden day approach truth.,2024-08-14 23:18:30,spam
MSG0390,lboyd@soto-brown.info,West appear yeah voice by community.,2024-12-09 16:15:20,not_spam
MSG0391,williamsimmons@collins-griffith.com,Computer eat experience large player even sit bag win huge cold kid measure same set standard soldier after high take serve.,2025-05-03 09:56:07,spam
MSG0392,angelathompson@yahoo.com,Figure exist no lose four resource cultural trouble above technology room hear identify indeed house score himself.,2024-09-07 01:38:05,not_spam
MSG0393,hdyer@frederick-martin.biz,Side seem give remember play happy around history.,2024-10-22 04:58:20,not_spam
MSG0394,timdorsey@mccoy-rhodes.com,Painting want challenge easy official production claim bring begin represent his relationship.,2025-04-25 10:31:05,spam
MSG0395,nancymartin@king-turner.net,Only safe sell under thank body of something sport especially decide security recognize according collection man.,2024-06-17 03:31:48,not_spam
MSG0396,pwarren@quinn-jackson.com,Region cup consider way late sport control arrive consumer service.,2024-08-19 05:57:54,promotion
MSG0397,nsims@gmail.com,Bag beat by ask ahead doctor magazine set act entire western program smile among.,2024-07-31 11:55:46,promotion
MSG0398,wmorrison@frederick-kennedy.com,Investment he three yourself stage wait professor her arm green.,2024-09-15 18:49:55,urgent
MSG0399,bryantholly@houston.com,Evidence recognize spring happy peace probably little including could worry whatever spend admit growth animal space for know parent.,2024-10-12 22:26:23,spam
MSG0400,ronnie71@cruz.net,Size respond all marriage beautiful strategy you would level to western lot music during color want record black year ahead upon force himself.,2024-08-27 09:45:16,not_spam
